League,Year,Team,Code,Position,Avg_Salary_GBP,Avg_Salary_USD
nba,2019,Portland Trail Blazers,POR,1,8031862,10039828
nba,2019,Golden State Warriors,GS,2,7937513,9921892
nba,2019,Orlando Magic,ORL,3,7580606,9475757
nba,2019,Oklahoma City Thunder,OKC,4,7545658,9432072
nba,2019,Denver Nuggets,DEN,5,7449554,9311943
nba,2019,Miami Heat,MIA,6,7438863,9298579
nba,2019,Cleveland Cavaliers,CLE,7,7365725,9207157
nba,2019,Houston Rockets,HOU,8,7328490,9160612
nba,2019,Los Angeles Clippers,LAC,9,6935044,8668805
nba,2019,Philadelphia 76ers,PHI,10,6897440,8621800
nba,2019,Washington Wizards,WSH,11,6800264,8500330
nba,2019,Detroit Pistons,DET,12,6779675,8474594
nba,2019,Charlotte Hornets,CHA,13,6625909,8282386
nba,2019,Minnesota Timberwolves,MIN,14,6617213,8271517
nba,2019,Milwaukee Bucks,MIL,15,6534807,8168508
nba,2019,Toronto Raptors,TOR,16,6520233,8150291
nba,2019,Brooklyn Nets,BKN,17,6429059,8036324
nba,2019,Dallas Mavericks,DAL,18,6333432,7916790
nba,2019,San Antonio Spurs,SA,19,6305720,7882150
nba,2019,Sacramento Kings,SAC,20,6301303,7876629
nba,2019,Los Angeles Lakers,LAL,21,6286190,7857738
nba,2019,Phoenix Suns,PHX,22,6262365,7827956
nba,2019,Boston Celtics,BOS,23,6245338,7806673
nba,2019,Utah Jazz,UTAH,24,6191232,7739041
nba,2019,New Orleans Pelicans,NO,25,6180056,7725070
nba,2019,Atlanta Hawks,ATL,26,5980159,7475199
nba,2019,Indiana Pacers,IND,27,5971367,7464208
nba,2019,Chicago Bulls,CHI,28,5958427,7448034
nba,2019,Memphis Grizzlies,MEM,29,5673155,7091444
nba,2019,New York Knicks,NY,30,5662249,7077811
mlb,2019,New York Yankees,NYY,1,6153759,7692199
mlb,2019,Boston Red Sox,BOS,2,5564455,6955569
mlb,2019,Chicago Cubs,CHC,3,5115629,6394536
mlb,2019,Houston Astros,HOU,4,5084841,6356051
mlb,2019,Philadelphia Phillies,PHI,5,4682528,5853160
mlb,2019,Los Angeles Angels,LAA,6,4166369,5207961
mlb,2019,St. Louis Cardinals,STL,7,4148306,5185383
mlb,2019,Washington Nationals,WAS,8,4144720,5180900
mlb,2019,New York Mets,NYM,9,4085983,5107479
mlb,2019,Los Angeles Dodgers,LAD,10,4035461,5044326
mlb,2019,San Francisco Giants,SF,11,3906440,4883050
mlb,2019,Atlanta Braves,ATL,12,3812891,4766113
mlb,2019,Colorado Rockies,COL,13,3757200,4696500
mlb,2019,Milwaukee Brewers,MIL,14,3131998,3914998
mlb,2019,Cleveland Indians,CLE,15,2919721,3649651
mlb,2019,Minnesota Twins,MIN,16,2910188,3637734
mlb,2019,Texas Rangers,TEX,17,2755434,3444293
mlb,2019,Seattle Mariners,SEA,18,2638382,3297977
mlb,2019,Detroit Tigers,DET,19,2499160,3123950
mlb,2019,Cincinnati Reds,CIN,20,2459403,3074254
mlb,2019,San Diego Padres,SD,21,2373096,2966369
mlb,2019,Chicago White Sox,CHW,22,2257048,2821310
mlb,2019,Oakland Athletics,OAK,23,2212529,2765661
mlb,2019,Arizona Diamondbacks,ARI,24,2023288,2529110
mlb,2019,Baltimore Orioles,BAL,25,1852334,2315417
mlb,2019,Kansas City Royals,KC,26,1785747,2232184
mlb,2019,Miami Marlins,MIA,27,1652869,2066086
mlb,2019,Tampa Bay Rays,TB,28,1580422,1975527
mlb,2019,Toronto Blue Jays,TOR,29,1541140,1926425
mlb,2019,Pittsburgh Pirates,PIT,30,1352612,1690764
epl,2019,Man City,MNC,1,6987500,8734375
epl,2019,Man Utd,MAN,2,6125600,7657000
epl,2019,Liverpool,LIV,3,5537600,6922000
epl,2019,Arsenal,ARS,4,4790240,5987800
epl,2019,Chelsea,CHE,5,4774000,5967500
epl,2019,Everton,EVE,6,4101760,5127200
epl,2019,Tottenham,TOT,7,3961043,4951304
epl,2019,Leicester,LEI,8,3352960,4191200
epl,2019,West Ham,WHU,9,3022240,3777800
epl,2019,Crystal Palace,CRY,10,2887500,3609375
epl,2019,Southampton,SOU,11,2299440,2874300
epl,2019,Wolves,WOL,12,2197565,2746957
epl,2019,Newcastle,NEW,13,2086240,2607800
epl,2019,Watford,WAT,14,2025111,2531389
epl,2019,Aston Villa,AVL,15,1965600,2457000
epl,2019,Bournemouth,BOU,16,1917760,2397200
epl,2019,Burnley,BUR,17,1915333,2394167
epl,2019,Brighton,BHA,18,1805304,2256630
epl,2019,Norwich,NOR,19,991000,1238750
epl,2019,Sheff Utd,SHU,20,728000,910000
nfl,2019,Atlanta Falcons,ATL,1,3764846,4706057
nfl,2019,Philadelphia Eagles,PHI,2,3127120,3908900
nfl,2019,Minnesota Vikings,MIN,3,3000088,3750110
nfl,2019,Pittsburgh Steelers,PIT,4,2996257,3745321
nfl,2019,New Orleans Saints,NO,5,2955064,3693831
nfl,2019,Green Bay Packers,GB,6,2917696,3647120
nfl,2019,New York Jets,NYJ,7,2907032,3633790
nfl,2019,Detroit Lions,DET,8,2858812,3573515
nfl,2019,San Francisco 49ers,SF,9,2775870,3469837
nfl,2019,Tampa Bay Buccaneers,TB,10,2708131,3385163
nfl,2019,Tennessee Titans,TEN,11,2673665,3342081
nfl,2019,Oakland Raiders,OAK,12,2661634,3327042
nfl,2019,Buffalo Bills,BUF,13,2618633,3273291
nfl,2019,Denver Broncos,DEN,14,2605349,3256686
nfl,2019,Jacksonville Jaguars,JAX,15,2587467,3234333
nfl,2019,New England Patriots,NE,16,2566789,3208486
nfl,2019,Los Angeles Rams,LAR,17,2542268,3177835
nfl,2019,Seattle Seahawks,SEA,18,2532659,3165824
nfl,2019,Arizona Cardinals,ARI,19,2525526,3156908
nfl,2019,Cleveland Browns,CLE,20,2521090,3151363
nfl,2019,Cincinnati Bengals,CIN,21,2482754,3103443
nfl,2019,Houston Texans,HOU,22,2461782,3077228
nfl,2019,Carolina Panthers,CAR,23,2441242,3051553
nfl,2019,Chicago Bears,CHI,24,2405743,3007179
nfl,2019,Kansas City Chiefs,KC,25,2394393,2992991
nfl,2019,New York Giants,NYG,26,2394162,2992702
nfl,2019,Dallas Cowboys,DAL,27,2379184,2973979
nfl,2019,Baltimore Ravens,BAL,28,2315488,2894360
nfl,2019,Indianapolis Colts,IND,29,2310945,2888681
nfl,2019,Washington Redskins,WSH,30,2212154,2765193
nfl,2019,Los Angeles Chargers,LAC,31,2104538,2630672
nfl,2019,Miami Dolphins,MIA,32,1641145,2051431
nhl,2019,Minnesota Wild,MIN,1,2654000,3317500
nhl,2019,Pittsburgh Penguins,PIT,2,2622742,3278428
nhl,2019,St Louis Blues,STL,3,2550080,3187600
nhl,2019,Nashville Predators,NSH,4,2530273,3162841
nhl,2019,Vegas Golden Knights,VGK,5,2497385,3121731
nhl,2019,Colorado Avalanche,COL,6,2474417,3093021
nhl,2019,Buffalo Sabres,BUF,7,2454000,3067500
nhl,2019,Winnipeg Jets,WPG,8,2450278,3062847
nhl,2019,Florida Panthers,FLA,9,2444741,3055926
nhl,2019,Calgary Flames,CGY,10,2438609,3048261
nhl,2019,New Jersey Devils,NJ,11,2372417,2965521
nhl,2019,Columbus Blue Jackets,CBJ,12,2335256,2919070
nhl,2019,Carolina Hurricanes,CAR,13,2328727,2910909
nhl,2019,Anaheim Ducks,ANA,14,2260385,2825481
nhl,2019,Philadelphia Flyers,PHI,15,2257913,2822391
nhl,2019,Arizona Coyotes,ARI,16,2206600,2758250
nhl,2019,Dallas Stars,DAL,17,2167000,2708750
nhl,2019,Detroit Red Wings,DET,18,2139680,2674600
nhl,2019,New York Islanders,NYI,19,2113778,2642222
nhl,2019,Chicago Blackhawks,CHI,20,2015414,2519268
nhl,2019,Tampa Bay Lightning,TB,21,1979417,2474271
nhl,2019,New York Rangers,NYR,22,1935273,2419091
nhl,2019,Edmonton Oilers,EDM,23,1924214,2405268
nhl,2019,Washington Capitals,WSH,24,1922538,2403173
nhl,2019,Boston Bruins,BOS,25,1906385,2382981
nhl,2019,San Jose Sharks,SJ,26,1899667,2374583
nhl,2019,Los Angeles Kings,LA,27,1864160,2330200
nhl,2019,Ottawa Senators,OTT,28,1728815,2161019
nhl,2019,Montreal Canadiens,MTL,29,1671037,2088796
nhl,2019,Vancouver Canucks,VAN,30,1617417,2021771
nhl,2019,Toronto Maple Leafs,TOR,31,1230069,1537586
spn,2019,Barcelona,BAR,1,9827644,12284555
spn,2019,Real Madrid,RMA,2,8923754,11154693
spn,2019,Atletico Madrid,ATM,3,5631364,7039205
spn,2019,Valencia,VAL,4,2499098,3123873
spn,2019,Sevilla,SEV,5,1973490,2466863
spn,2019,Athletic Bilbao,ATH,6,1674220,2092775
spn,2019,Villarreal,VIL,7,1383633,1729541
spn,2019,Celta Vigo,CEL,8,1287325,1609156
spn,2019,Real Sociedad,RSO,9,1253606,1567008
spn,2019,Real Betis,BET,10,1181752,1477190
spn,2019,Espanyol,ESP,11,1004186,1255233
spn,2019,Leganes,LEG,12,757602,947003
spn,2019,Levante,LEV,13,700637,875796
spn,2019,Getafe,GET,14,696906,871133
spn,2019,Granada,GRA,15,645598,806998
spn,2019,Eibar,EIB,16,634282,792853
spn,2019,Alaves,ALA,17,510792,638490
spn,2019,Mallorca,MLL,18,484370,605463
spn,2019,Valladolid,VLL,19,406563,508204
spn,2019,Osasuna,OSA,20,362245,452806
itl,2019,Juventus,JUV,1,8085317,10106646
itl,2019,Roma,ROMA,2,3594322,4492903
itl,2019,Internazionale,INT,3,3260031,4075039
itl,2019,Napoli,NAP,4,3058862,3823578
itl,2019,Milan,MIL,5,2752976,3441220
itl,2019,Lazio,LAZ,6,1931662,2414578
itl,2019,Torino,TOR,7,1458333,1822916
itl,2019,Bologna,BOL,8,1258929,1573661
itl,2019,Fiorentina,FIO,9,1204427,1505534
itl,2019,Cagliari,CAG,10,1150452,1438065
itl,2019,Atalanta,ATA,11,1025492,1281865
itl,2019,Genoa,GEN,12,999504,1249380
itl,2019,Sampdoria,SAM,13,959325,1199156
itl,2019,Sassuolo,SAS,14,915751,1144689
itl,2019,Lecce,LEC,15,852055,1065069
itl,2019,Parma,PAR,16,832738,1040923
itl,2019,SPAL,SPA,17,791667,989584
itl,2019,Udinese,UDI,18,675843,844804
itl,2019,Hellas Verona,VER,19,514593,643241
itl,2019,Brescia,BRE,20,464744,580930
ger,2019,Bayern Munich,MUN,1,6495917,8119896
ger,2019,Borussia Dortmund,DOR,2,3977086,4971358
ger,2019,Bayer Leverkusen,B04,3,2549201,3186501
ger,2019,RB Leipzig,RBL,4,1933091,2416364
ger,2019,Wolfsburg,WOB,5,1928316,2410395
ger,2019,Schalke,S04,6,1748145,2185181
ger,2019,Borussia Monchengladbach,BMG,7,1535462,1919327
ger,2019,Hoffenheim,TSG,8,1359973,1699966
ger,2019,Werder Bremen,SVW,9,1252983,1566229
ger,2019,Eintracht Frankfurt,SGE,10,1230655,1538319
ger,2019,Hertha Berlin,BSC,11,1036288,1295360
ger,2019,FC Koln,KOE,12,979537,1224422
ger,2019,Augsburg,FCA,13,813708,1017136
ger,2019,Mainz,M05,14,681484,851855
ger,2019,Fortuna Dusseldorf,F95,15,604020,755025
ger,2019,Freiburg,SCF,16,582394,727992
ger,2019,Union Berlin,FCU,17,541123,676404
ger,2019,Paderborn,SCP,18,334998,418748
fra,2019,PSG,PSG,1,7147376,8934220
fra,2019,Monaco,MON,2,2269960,2837450
fra,2019,Lyon,LYON,3,1865322,2331653
fra,2019,Marseille,OLM,4,1609766,2012208
fra,2019,Lille,LILL,5,1062131,1327664
fra,2019,Saint-Etienne,ASSE,6,806746,1008433
fra,2019,Rennes,REN,7,780481,975601
fra,2019,Bordeaux,BOR,8,657031,821289
fra,2019,Nice,NICE,9,593511,741889
fra,2019,Montpellier,MONT,10,544706,680883
fra,2019,Nantes,NAN,11,543609,679511
fra,2019,Toulouse,TOU,12,487059,608824
fra,2019,Angers,ANG,13,392968,491210
fra,2019,Strasbourg,STR,14,372095,465119
fra,2019,Dijon,DIJO,15,327186,408983
fra,2019,Amiens,AMI,16,325263,406579
fra,2019,Metz,METZ,17,320590,400738
fra,2019,Reims,REIM,18,320097,400121
fra,2019,Brest,BRES,19,283354,354193
fra,2019,Nimes,NIM,20,238817,298521
mls,2019,Toronto FC,TOR,1,606677,758346
mls,2019,LA Galaxy,LA,2,523303,654129
mls,2019,Chicago Fire,CHI,3,488999,611249
mls,2019,LAFC,LAFC,4,407999,509998
mls,2019,Seattle Sounders FC,SEA,5,390812,488515
mls,2019,Portland Timbers,POR,6,371968,464960
mls,2019,Montreal Impact,MTL,7,350727,438409
mls,2019,Orlando City SC,ORL,8,335086,418858
mls,2019,Sporting Kansas City,SKC,9,332984,416230
mls,2019,New England Revolution,NE,10,327945,409932
mls,2019,Atlanta United,ATL,11,323928,404910
mls,2019,Minnesota United,MIN,12,303785,379732
mls,2019,DC United,DC,13,302082,377603
mls,2019,New York City FC,NYC,14,297588,371985
mls,2019,Columbus Crew,CLB,15,292817,366021
mls,2019,Real Salt Lake,RSL,16,286911,358638
mls,2019,San Jose Earthquakes,SJ,17,273935,342419
mls,2019,Philadelphia Union,PHI,18,271110,338887
mls,2019,Colorado Rapids,COL,19,245714,307143
mls,2019,Houston Dynamo,HOU,20,241237,301547
mls,2019,New York Red Bulls,NY,21,239143,298929
mls,2019,FC Cincinnati,CIN,22,231877,289846
mls,2019,FC Dallas,DAL,23,226340,282925
mls,2019,Vancouver Whitecaps,VAN,24,217390,271738
nba,2018,Oklahoma City Thunder,OKC,1,7848811,10327383
nba,2018,Golden State Warriors,GS,2,7819700,10289079
nba,2018,Washington Wizards,WSH,3,7633608,10044221
nba,2018,Toronto Raptors,TOR,4,7577470,9970355
nba,2018,Houston Rockets,HOU,5,7487744,9852295
nba,2018,Miami Heat,MIA,6,7038292,9260911
nba,2018,Charlotte Hornets,CHA,7,6530440,8592684
nba,2018,Minnesota Timberwolves,MIN,8,6468615,8511336
nba,2018,Boston Celtics,BOS,9,6417395,8443941
nba,2018,Portland Trail Blazers,POR,10,6407941,8431501
nba,2018,Cleveland Cavaliers,CLE,11,6280614,8263966
nba,2018,Memphis Grizzlies,MEM,12,6097037,8022417
nba,2018,San Antonio Spurs,SA,13,5987742,7878608
nba,2018,Detroit Pistons,DET,14,5974595,7861310
nba,2018,Utah Jazz,UTAH,15,5934107,7808035
nba,2018,Denver Nuggets,DEN,16,5896357,7758365
nba,2018,New Orleans Pelicans,NO,17,5740892,7553805
nba,2018,LA Clippers,LAC,18,5678214,7471334
nba,2018,Orlando Magic,ORL,19,5605026,7375034
nba,2018,Milwaukee Bucks,MIL,20,5470642,7198214
nba,2018,Chicago Bulls,CHI,21,5279249,6946381
nba,2018,Dallas Mavericks,DAL,22,5229053,6880333
nba,2018,Philadelphia 76ers,PHI,23,5200055,6842178
nba,2018,Indiana Pacers,IND,24,5145052,6769805
nba,2018,Phoenix Suns,PHX,25,4892554,6437570
nba,2018,Los Angeles Lakers,LAL,26,4802904,6319611
nba,2018,New York Knicks,NY,27,4663496,6136178
nba,2018,Brooklyn Nets,BKN,28,4622406,6082113
nba,2018,Sacramento Kings,SAC,29,4289405,5643954
nba,2018,Atlanta Hawks,ATL,30,3969785,5223401
mlb,2018,San Franciso Giants,SF,1,5609483,7380898
mlb,2018,Chicago Cubs,CHC,2,5314446,6992692
mlb,2018,Boston Red Sox,BOS,3,4898383,6445240
mlb,2018,LA Angels,LAA,4,4820323,6342531
mlb,2018,Washington Nationals,WAS,5,4564905,6006454
mlb,2018,Seattle Mariners,SEA,6,4486821,5903712
mlb,2018,New York Yankees,NYY,7,4378303,5760926
mlb,2018,New York Mets,NYM,8,4376624,5758715
mlb,2018,Houston Astros,HOU,9,4358319,5734630
mlb,2018,Toronto Blue Jays,TOR,10,4301134,5659386
mlb,2018,LA Dodgers,LAD,11,4127502,5430924
mlb,2018,St Louis Cardinals,STL,12,3987747,5247036
mlb,2018,Baltimore Orioles,BAL,13,3882837,5108996
mlb,2018,Colorado Rockies,COL,14,3651368,4804431
mlb,2018,Cleveland Indians,CLE,15,3461855,4555072
mlb,2018,Minnesota Twins,MIN,16,3282187,4318667
mlb,2018,Arizona Diamondbacks,ARI,17,3149614,4144229
mlb,2018,Detroit Tigers,DET,18,3132495,4121704
mlb,2018,Texas Rangers,TEX,19,3059505,4025664
mlb,2018,Kansas City Royals,KC,20,2831199,3725262
mlb,2018,Milwaukee Brewers,MIL,21,2465328,3243852
mlb,2018,Philadelphia Phillies,PHI,22,2442173,3213385
mlb,2018,Chicago White Sox,CHW,23,2422158,3187049
mlb,2018,Cincinnati Reds,CIN,24,2415813,3178702
mlb,2018,Pittsburgh Pirates,PIT,25,2216732,2916753
mlb,2018,Atlanta Braves,ATL,26,2183193,2872622
mlb,2018,Miami Marlins,MIA,27,2038771,2682594
mlb,2018,Tampa Bay Rays,TB,28,1959280,2578000
mlb,2018,San Diego Padres,SD,29,1807244,2377953
mlb,2018,Oakland Athletics,OAK,30,1587197,2088417
epl,2018,Man Utd,MAN,1,6534654,8598297
epl,2018,Man City,MNC,2,5993000,7885589
epl,2018,Chelsea,CHE,3,5020004,6605321
epl,2018,Liverpool,LIV,4,4862963,6398687
epl,2018,Arsenal,ARS,5,4853130,6385748
epl,2018,Tottenham,TOT,6,3515778,4626060
epl,2018,Everton,EVE,7,3252690,4279889
epl,2018,West Ham,WHU,8,3189333,4196525
epl,2018,Crystal Palace,CRY,9,2757000,3627661
epl,2018,Leicester,LEI,10,2710710,3566752
epl,2018,Southampton,SOU,11,2669333,3512309
epl,2018,Bournemouth,BOU,12,1989520,2617810
epl,2018,Watford,WAT,13,1775172,2335772
epl,2018,Wolves,WOL,14,1757600,2312650
epl,2018,Fulham,FUL,15,1727440,2272966
epl,2018,Brighton,BHA,16,1695040,2230334
epl,2018,Newcastle,NEW,17,1650133,2171245
epl,2018,Burnley,BUR,18,1603197,2109487
epl,2018,Huddersfield,HUD,19,1238000,1628960
epl,2018,Cardiff,CAR,20,957471,1259840
nfl,2018,Jacksonville Jaguars,JAX,1,2536491,3337489
nfl,2018,Minnesota Vikings,MIN,2,2519814,3315544
nfl,2018,Tampa Bay Bucs,TB,3,2438003,3207898
nfl,2018,Pittsburgh Steelers,PIT,4,2434568,3203379
nfl,2018,San Francisco 49ers,SF,5,2408655,3169282
nfl,2018,Tennessee Titans,TEN,6,2406870,3166934
nfl,2018,Denver Broncos,DEN,7,2381475,3133519
nfl,2018,Green Bay Packers,GB,8,2337670,3075881
nfl,2018,Carolina Panthers,CAR,9,2335273,3072728
nfl,2018,Chicago Bears,CHI,10,2316595,3048151
nfl,2018,Atlanta Falcons,ATL,11,2314767,3045746
nfl,2018,Los Angeles Rams,LAR,12,2289311,3012251
nfl,2018,Detroit Lions,DET,13,2288997,3011838
nfl,2018,New England Patriots,NE,14,2256217,2968706
nfl,2018,Cleveland Browns,CLE,15,2226452,2929542
nfl,2018,Philadelphia Eagles,PHI,16,2220546,2921771
nfl,2018,Cincinnati Bengals,CIN,17,2208272,2905621
nfl,2018,Oakland Raiders,OAK,18,2207359,2904420
nfl,2018,Los Angeles Chargers,LAC,19,2182950,2872302
nfl,2018,Washington Redskins,WSH,20,2181448,2870326
nfl,2018,New Orleans Saints,NO,21,2147411,2825541
nfl,2018,New York Giants,NYG,22,2136569,2811275
nfl,2018,Miami Dolphins,MIA,23,2117913,2786728
nfl,2018,Kansas City Chiefs,KC,24,2114637,2782417
nfl,2018,New York Jets,NYJ,25,2109298,2775392
nfl,2018,Houston Texans,HOU,26,2094579,2756025
nfl,2018,Arizona Cardinals,ARI,27,2060499,2711183
nfl,2018,Baltimore Ravens,BAL,28,1982292,2608279
nfl,2018,Seattle Seahawks,SEA,29,1954424,2571611
spn,2018,Barcelona,BAR,1,10454259,13755714
spn,2018,Real Madrid,RMA,2,8089582,10644272
spn,2018,Atletico Madrid,ATM,3,6155066,8098836
spn,2018,Valencia,VAL,4,2861015,3764524
spn,2018,Sevilla,SEV,5,2776461,3653267
spn,2018,Athletic Bilbao,ATH,6,1762760,2319440
spn,2018,Villarreal,VIL,7,1670760,2198386
spn,2018,Real Sociedad,RSO,8,1487109,1956738
spn,2018,Celta Vigo,CEL,9,1289828,1697155
spn,2018,Real Betis,BET,10,1289597,1696851
spn,2018,Espanyol,ESP,11,1204424,1584781
spn,2018,Leganes,LEG,12,831168,1093651
spn,2018,Alaves,ALA,13,796575,1048133
spn,2018,Girona,GIR,14,740629,974520
spn,2018,Eibar,EIB,15,722251,950337
spn,2018,Getafe,GET,16,695493,915130
spn,2018,Levante,LEV,17,675414,888710
spn,2018,Rayo Vallecano,RAY,18,626544,824407
spn,2018,Huesca,HUE,19,551223,725299
spn,2018,Valladolid,VLL,20,547993,721050
nhl,2018,Los Angeles Kings,LA,1,2686930,3535435
nhl,2018,Minnesota Wild,MIN,2,2668757,3511522
nhl,2018,Pittsburgh Penguins,PIT,3,2462790,3240513
nhl,2018,Nashville Predators,NSH,4,2454552,3229674
nhl,2018,Winnipeg Jets,WPG,5,2453341,3228080
nhl,2018,Calgary Flames,CGY,6,2394083,3150109
nhl,2018,St Louis Blues,STL,7,2340552,3079674
nhl,2018,San Jose Sharks,SJ,8,2333365,3070217
nhl,2018,Buffalo Sabres,BUF,9,2293465,3017717
nhl,2018,Washington Capitals,WSH,10,2274465,2992717
nhl,2018,Philadelphia Flyers,PHI,11,2274176,2992337
nhl,2018,Florida Panthers,FLA,12,2261231,2975304
nhl,2018,Colorado Avalanche,COL,13,2229196,2933152
nhl,2018,New York Rangers,NYR,14,2217052,2917174
nhl,2018,Detroit Red Wings,DET,15,2211352,2909674
nhl,2018,Tampa Bay Lightning,TB,16,2197970,2892065
nhl,2018,Vegas Golden Knights,VGK,17,2132213,2805543
nhl,2018,New York Islanders,NYI,18,2126843,2798478
nhl,2018,Anaheim Ducks,ANA,19,2061335,2712283
nhl,2018,Dallas Stars,DAL,20,2048200,2695000
nhl,2018,Columbus Blue Jackets,CBJ,21,1999296,2630652
nhl,2018,Boston Bruins,BOS,22,1912226,2516087
nhl,2018,Carolina Hurricanes,CAR,23,1888930,2485435
nhl,2018,Chicago Blackhawks,CHI,24,1886122,2481739
nhl,2018,Ottawa Senators,OTT,25,1866874,2456413
nhl,2018,Edmonton Oilers,EDM,26,1855309,2441196
nhl,2018,New Jersey Devils,NJ,27,1842091,2423804
nhl,2018,Arizona Coyotes,ARI,28,1796739,2364130
nhl,2018,Montreal Canadiens,MTL,29,1663904,2189348
nhl,2018,Vancouver Canucks,VAN,30,1582948,2082826
nhl,2018,Toronto Maple Leafs,TOR,31,1168335,1537283
itl,2018,Juventus,JUV,1,6726615,8850879
itl,2018,Internazionale,INT,2,3706739,4877327
itl,2018,Milan,MIL,3,3550172,4671317
itl,2018,Roma,ROMA,4,2842212,3739782
itl,2018,Napoli,NAP,5,2820938,3711790
itl,2018,Lazio,LAZ,6,1570161,2066018
itl,2018,Torino,TOR,7,1277940,1681513
itl,2018,Fiorentina,FIO,8,1063702,1399619
itl,2018,Sampdoria,SAM,9,973500,1280931
itl,2018,Bologna,BOL,10,943491,1241446
itl,2018,Cagliari,CAG,11,853730,1123338
itl,2018,Genoa,GEN,12,797593,1049472
itl,2018,Atalanta,ATA,13,759625,999515
itl,2018,Sassuolo,SAS,14,754284,992488
itl,2018,Parma,PAR,15,580336,763606
itl,2018,Udinese,UDI,16,579828,762937
itl,2018,SPAL,SPA,17,534052,702705
itl,2018,Chievo,CVO,18,531000,698690
itl,2018,Frosinone,FRO,19,516250,679282
itl,2018,Empoli,EMP,20,419866,552460
ger,2018,Bayern Munich,MUN,1,6352435,8358534
ger,2018,Borussia Dortmund,DOR,2,3206769,4219466
ger,2018,Bayer Leverkusen,B04,3,2218840,2919550
ger,2018,Schalke,S04,4,2128522,2800709
ger,2018,Wolfsburg,WOB,5,1933996,2544751
ger,2018,RB Leipzig,RBL,6,1561393,2054481
ger,2018,Borussia Monchengladbach,BMG,7,1307429,1720315
ger,2018,Hoffenheim,TSG,8,1191517,1567798
ger,2018,Stuttgart,VFB,9,1188417,1563719
ger,2018,Eintracht Frankfurt,SGE,10,910000,1197378
ger,2018,Werder Bremen,SVW,11,907987,1194729
ger,2018,Hertha Berlin,BSC,12,831740,1094403
ger,2018,Mainz,M05,13,623161,819956
ger,2018,Hannover 96,H96,14,592172,779180
ger,2018,Augsburg,FCA,15,565776,744448
ger,2018,Fortuna Dusseldorf,F95,16,506567,666540
ger,2018,SC Freiburg,SCF,17,447750,589150
ger,2018,FC Nurnberg,FCN,18,309824,407666
fra,2018,PSG,PSG,1,6105840,8034064
fra,2018,Marseille,OLM,2,2133900,2807786
fra,2018,Lyon,LYON,3,1572519,2069120
fra,2018,Monaco,MON,4,1564781,2058938
fra,2018,Lille,LILL,5,990020,1302668
fra,2018,Saint-Etienne,ASSE,6,814247,1071386
fra,2018,Rennes,REN,7,808119,1063322
fra,2018,Nice,NICE,8,730119,960690
fra,2018,Bordeaux,BOR,9,615214,809498
fra,2018,Nantes,NAN,10,568058,747451
fra,2018,Toulouse,TOU,11,523529,688859
fra,2018,Guingamp,EAG,12,422124,555431
fra,2018,Angers,ANG,13,417542,549402
fra,2018,Dijon,DIJO,14,404651,532440
fra,2018,Strasbourg,STR,15,404226,531881
fra,2018,Montpellier,MONT,16,402239,529266
fra,2018,Caen,CAN,17,383993,505258
fra,2018,Reims,REIM,18,381834,502417
fra,2018,Amiens,AMI,19,242753,319415
fra,2018,Nimes,NIM,20,229440,301897
mls,2018,Toronto FC,TOR,1,696034,915835
mls,2018,LA Galaxy,LA,2,492790,648408
mls,2018,Chicago Fire,CHI,3,421570,554697
mls,2018,New York City FC,NYC,4,388501,511186
mls,2018,LAFC,LAFC,5,370412,487384
mls,2018,Seattle Sounders,SEA,6,331519,436209
mls,2018,Montreal Impact,MTL,7,309934,407808
mls,2018,Sporting Kansas City,SKC,8,302801,398422
mls,2018,Atlanta United,ATL,9,275650,362698
mls,2018,Portland Timbers,POR,10,269550,354671
mls,2018,DC United,DC,11,263002,346055
mls,2018,Colorado Rapids,COL,12,255296,335916
mls,2018,Philadelphia Union,PHI,13,233624,307399
mls,2018,Orlando City,ORL,14,224805,295797
mls,2018,San Jose Earthquakes,SJ,15,210478,276945
mls,2018,New England Revolution,NE,16,210314,276728
mls,2018,Minnesota United,MIN,17,209420,275552
mls,2018,FC Dallas,DAL,18,208655,274546
mls,2018,Columbus Crew,CLB,19,202211,266067
mls,2018,Real Salt Lake,RSL,20,199375,262336
mls,2018,Vancouver Whitecaps,VAN,21,198771,261541
mls,2018,New York Red Bulls,NY,22,197722,260161
mls,2018,Houston Dynamo,HOU,23,149380,196552
nba,2017,Oklahoma City Thunder,OKC,1,7150388,9295504
nba,2017,Cleveland Cavaliers,CLE,2,6919714,8995628
nba,2017,Golden State Warriors,GS,3,6877528,8940786
nba,2017,Charlotte Hornets,CHA,4,6445974,8379766
nba,2017,Portland Trail Blazers,POR,5,6434440,8364772
nba,2017,LA Clippers,LAC,6,6408537,8331098
nba,2017,New Orleans Pelicans,NO,7,6063867,7883028
nba,2017,Toronto Raptors,TOR,8,6041065,7853384
nba,2017,Detroit Pistons,DET,9,6039324,7851121
nba,2017,Boston Celtics,BOS,10,6031926,7841504
nba,2017,Houston Rockets,HOU,11,5980476,7774619
nba,2017,Milwaukee Bucks,MIL,12,5873909,7636082
nba,2017,San Antonio Spurs,SA,13,5807031,7549140
nba,2017,Minnesota Timberwolves,MIN,14,5706740,7418763
nba,2017,Washington Wizards,WSH,15,5652968,7348859
nba,2017,Utah Jazz,UTAH,16,5645592,7339269
nba,2017,Memphis Grizzlies,MEM,17,5586599,7262578
nba,2017,Denver Nuggets,DEN,18,5360994,6969292
nba,2017,Los Angeles Lakers,LAL,19,5235333,6805932
nba,2017,Miami Heat,MIA,20,5221321,6787718
nba,2017,Orlando Magic,ORL,21,5027759,6536087
nba,2017,Indiana Pacers,IND,22,4980303,6474394
nba,2017,New York Knicks,NY,23,4819353,6265159
nba,2017,Brooklyn Nets,BKN,24,4626771,6014803
nba,2017,Sacramento Kings,SAC,25,4545112,5908646
nba,2017,Phoenix Suns,PHX,26,4423622,5750709
nba,2017,Dallas Mavericks,DAL,27,4423111,5750044
nba,2017,Atlanta Hawks,ATL,28,4395440,5714072
nba,2017,Philadelphia 76ers,PHI,29,4229340,5498142
nba,2017,Chicago Bulls,CHI,30,3300623,4290810
mlb,2017,Detroit Tigers,DET,1,5332858,6932715
mlb,2017,Chicago Cubs,CHC,2,5032204,6541865
mlb,2017,New York Yankees,NYY,3,4854393,6310711
mlb,2017,San Francisco Giants,SF,4,4849760,6304689
mlb,2017,Washington Nationals,WAS,5,4814857,6259314
mlb,2017,LA Dodgers,LAD,6,4664760,6064187
mlb,2017,Baltimore Orioles,BAL,7,4441873,5774435
mlb,2017,New York Mets,NYM,8,4374310,5686603
mlb,2017,Boston Red Sox,BOS,9,4324742,5622164
mlb,2017,Toronto Blue Jays,TOR,10,4306455,5598392
mlb,2017,Texas Rangers,TEX,11,4036909,5247982
mlb,2017,Seattle Mariners,SEA,12,3851308,5006701
mlb,2017,St Louis Cardinals,STL,13,3759744,4887667
mlb,2017,LA Angels,LAA,14,3691432,4798861
mlb,2017,Houston Astros,HOU,15,3630880,4720144
mlb,2017,Kansas City Royals,KC,16,3628899,4717568
mlb,2017,Atlanta Braves,ATL,17,3521526,4577984
mlb,2017,Cleveland Indians,CLE,18,3186570,4142542
mlb,2017,Miami Marlins,MIA,19,3168909,4119582
mlb,2017,Chicago White Sox,CHW,20,3010746,3913970
mlb,2017,Pittsburgh Pirates,PIT,21,2799936,3639917
mlb,2017,Minnesota Twins,MIN,22,2673408,3475431
mlb,2017,Philadelphia Phillies,PHI,23,2586343,3362245
mlb,2017,Arizona Diamondbacks,ARI,24,2492596,3240375
mlb,2017,Colorado Rockies,COL,25,2440230,3172299
mlb,2017,Cincinnati Reds,CIN,26,2044064,2657283
mlb,2017,Oakland Athletics,OAK,27,1810299,2353389
mlb,2017,Milwaukee Brewers,MIL,28,1805328,2346927
mlb,2017,Tampa Bay Rays,TB,29,1682272,2186954
mlb,2017,San Diego Padres,SD,30,857926,1115303
epl,2017,Man Utd,MAN,1,5241185,6813541
epl,2017,Man City,MNC,2,5235917,6806692
epl,2017,Chelsea,CHE,3,4451200,5786560
epl,2017,Arsenal,ARS,4,4037222,5248389
epl,2017,Liverpool,LIV,5,3649862,4744821
epl,2017,Tottenham,TOT,6,3154667,4101067
epl,2017,West Ham,WHU,7,2936870,3817930
epl,2017,Everton,EVE,8,2806207,3648069
epl,2017,Leicester,LEI,9,2499120,3248856
epl,2017,Southampton,SOU,10,2271286,2952671
epl,2017,Crystal Palace,CRY,11,2250857,2926114
epl,2017,West Brom,WBA,12,2221304,2887696
epl,2017,Stoke,STK,13,2064400,2683720
epl,2017,Swansea,SWA,14,1712880,2226744
epl,2017,Newcastle,NEW,15,1710222,2223289
epl,2017,Bournemouth,BOU,16,1577333,2050533
epl,2017,Watford,WAT,17,1457857,1895214
epl,2017,Burnley,BUR,18,1371500,1782950
epl,2017,Brighton,BHA,19,1346429,1750357
epl,2017,Huddersfield,HUD,20,1024012,1331216
nhl,2017,Washington Capitals,WSH,1,2823328,3670326
nhl,2017,New York Islanders,NYI,2,2667475,3467717
nhl,2017,Boston Bruins,BOS,3,2650000,3445000
nhl,2017,Dallas Stars,DAL,4,2639538,3431399
nhl,2017,Detroit Red Wings,DET,5,2609779,3392713
nhl,2017,Chicago Blackhawks,CHI,6,2598913,3378587
nhl,2017,Pittsburgh Penguins,PIT,7,2596916,3375991
nhl,2017,Minnesota Wild,MIN,8,2575753,3348478
nhl,2017,St Louis Blues,STL,9,2559030,3326739
nhl,2017,Los Angeles Kings,LA,10,2529013,3287717
nhl,2017,New York Rangers,NYR,11,2516137,3270978
nhl,2017,Vancouver Canucks,VAN,12,2492893,3240761
nhl,2017,Montreal Canadiens,MTL,13,2488040,3234452
nhl,2017,Calgary Flames,CGY,14,2451923,3187500
nhl,2017,San Jose Sharks,SJ,15,2434866,3165326
nhl,2017,Tampa Bay Lightning,TB,16,2421990,3148587
nhl,2017,Toronto Maple Leafs,TOR,17,2418701,3144312
nhl,2017,Anaheim Ducks,ANA,18,2400744,3120967
nhl,2017,Buffalo Sabres,BUF,19,2398227,3117696
nhl,2017,Nashville Predators,NSH,20,2375418,3088043
nhl,2017,Philadelphia Flyers,PHI,21,2370903,3082174
nhl,2017,Florida Panthers,FLA,22,2334833,3035283
nhl,2017,Ottawa Senators,OTT,23,2334448,3034783
nhl,2017,Winnipeg Jets,WPG,24,2207871,2870232
nhl,2017,Vegas Golden Knights,VGK,25,2163907,2813080
nhl,2017,Edmonton Oilers,EDM,26,2143227,2786196
nhl,2017,New Jersey Devils,NJ,27,2128512,2767065
nhl,2017,Colorado Avalanche,COL,28,2071739,2693261
nhl,2017,Columbus Blue Jackets,CBJ,29,2051839,2667391
nhl,2017,Carolina Hurricanes,CAR,30,1923161,2500109
nhl,2017,Arizona Coyotes,ARI,31,1805181,2346735
nfl,2017,Oakland Raiders,OAK,1,2297689,2986996
nfl,2017,Atlanta Falcons,ATL,2,2288342,2974845
nfl,2017,Washington Redskins,WSH,3,2261432,2939861
nfl,2017,Carolina Panthers,CAR,4,2256303,2933194
nfl,2017,New York Giants,NYG,5,2254297,2930586
nfl,2017,Arizona Cardinals,ARI,6,2240698,2912908
nfl,2017,Seattle Seahawks,SEA,7,2230023,2899031
nfl,2017,Jacksonville Jaguars,JAX,8,2226583,2894558
nfl,2017,Kansas City Chiefs,KC,9,2226583,2894558
nfl,2017,Pittsburgh Steelers,PIT,10,2206011,2867815
nfl,2017,Tennessee Titans,TEN,11,2185950,2841735
nfl,2017,Green Bay Packers,GB,12,2177713,2831027
nfl,2017,Houston Texans,HOU,13,2177713,2831027
nfl,2017,Denver Broncos,DEN,14,2146444,2790377
nfl,2017,Los Angeles Rams,LAR,15,2132283,2771968
nfl,2017,Philadelphia Eagles,PHI,16,2112022,2745628
nfl,2017,Chicago Bears,CHI,17,2090873,2718135
nfl,2017,New England Patriots,NE,18,2067829,2688177
nfl,2017,Detroit Lions,DET,19,2060116,2678150
nfl,2017,Tampa Bay Bucs,TB,20,2053874,2670036
nfl,2017,Cincinnati Bengals,CIN,21,2036583,2647558
nfl,2017,Buffalo Bills,BUF,22,2027868,2636228
nfl,2017,Los Angeles Chargers,LAC,23,1996637,2595629
nfl,2017,Dallas Cowboys,DAL,24,1989289,2586075
nfl,2017,Minnesota Vikings,MIN,25,1977773,2571105
nfl,2017,Indianapolis Colts,IND,26,1971297,2562686
nfl,2017,Baltimore Ravens,BAL,27,1954576,2540949
nfl,2017,New Orleans Saints,NO,28,1945983,2529778
nfl,2017,Miami Dolphins,MIA,29,1893727,2461845
nfl,2017,New York Jets,NYJ,30,1757952,2285338
nfl,2017,Cleveland Browns,CLE,31,1644663,2138062
nfl,2017,San Francisco 49ers,SF,32,1591304,2068695
spn,2017,Barcelona,BAR,1,6597500,8576750
spn,2017,Real Madrid,RMA,2,6224833,8092283
spn,2017,Atletico Madrid,ATM,3,3849130,5003870
spn,2017,Valencia,VAL,4,2429818,3158764
spn,2017,Sevilla,SEV,5,2343490,3046537
spn,2017,Athletic Bilbao,ATH,6,1419500,1845350
spn,2017,Real Sociedad,RSO,7,1335750,1736475
spn,2017,Villarreal,VIL,8,1326115,1723950
spn,2017,Espanyol,ESP,9,1046175,1360028
spn,2017,Real Betis,BET,10,978504,1272056
spn,2017,Celta Vigo,CEL,11,968032,1258442
spn,2017,Deportivo La Coruna,DEP,12,881608,1146090
spn,2017,Malaga,MCF,13,856060,1112878
spn,2017,Eibar,EIB,14,648185,842641
spn,2017,Girona,GIR,15,617283,802468
spn,2017,Alaves,ALA,16,560444,728578
spn,2017,Getafe,GET,17,544781,708215
spn,2017,Las Palmas,LPA,18,537863,699222
spn,2017,Leganes,LEG,19,523274,680256
spn,2017,Levante,LEV,20,490750,637975
itl,2017,Juventus,JUV,1,4853467,6309507
itl,2017,Milan,MIL,2,3135877,4076640
itl,2017,Internazionale,INT,3,2637754,3429080
itl,2017,Roma,ROMA,4,2598580,3378154
itl,2017,Napoli,NAP,5,2414867,3139327
itl,2017,Lazio,LAZ,6,1488278,1934761
itl,2017,Torino,TOR,7,1052596,1368375
itl,2017,Sampdoria,SAM,8,1039981,1351976
itl,2017,Fiorentina,FIO,9,974605,1266986
itl,2017,Genoa,GEN,10,848679,1103282
itl,2017,Bologna,BOL,11,821538,1068000
itl,2017,Sassuolo,SAS,12,769214,999979
itl,2017,Atalanta,ATA,13,769136,999877
itl,2017,Cagliari,CAG,14,653903,850074
itl,2017,Hellas Verona,VER,15,597728,777047
itl,2017,SPAL,SPA,16,576218,749083
itl,2017,Udinese,UDI,17,534511,694865
itl,2017,Chievo,CVO,18,522019,678625
itl,2017,Benevento,BEN,19,427885,556250
itl,2017,Crotone,CRO,20,292575,380347
ger,2017,Bayern Munich,MUN,1,5184038,6739250
ger,2017,Borussia Dortmund,DOR,2,2739148,3560893
ger,2017,Wolfsburg,WOB,3,1778261,2311740
ger,2017,Schalke,S04,4,1654052,2150268
ger,2017,Bayer Leverkusen,B04,5,1518400,1973920
ger,2017,RB Leipzig,RBL,6,1269382,1650197
ger,2017,Hoffenheim,TSG,7,1125415,1463039
ger,2017,Borussia Monchengladbach,BMG,8,1076586,1399561
ger,2017,Hamburg,HSV,9,1014018,1318223
ger,2017,Hertha Berlin,BSC,10,1000350,1300455
ger,2017,FC Koln,KOE,11,992250,1289925
ger,2017,Eintracht Frankfurt,SGE,12,638471,830013
ger,2017,Werder Bremen,SVW,13,621214,807579
ger,2017,Mainz,M05,14,562855,731712
ger,2017,Stuttgart,VFB,15,538400,699920
ger,2017,Augsburg,FCA,16,517021,672127
ger,2017,Hannover 96,H96,17,449966,584956
ger,2017,Freiburg,SCF,18,448718,583334
fra,2017,PSG,PSG,1,6472355,8414061
fra,2017,Monaco,MON,2,2067929,2688307
fra,2017,Marseille,OLM,3,1769700,2300610
fra,2017,Lyon,LYON,4,1354704,1761115
fra,2017,Nice,NICE,5,915007,1189510
fra,2017,Bordeaux,BOR,6,643032,835942
fra,2017,Lille,LILL,7,620691,806898
fra,2017,Saint-Etienne,ASSE,8,568341,738843
fra,2017,Toulouse,TOU,9,536500,697450
fra,2017,Rennes,REN,10,520686,676892
fra,2017,Montpellier,MONT,11,464500,603850
fra,2017,Nantes,NAN,12,458081,595506
fra,2017,Caen,CAN,13,416770,541801
fra,2017,Amiens,AMI,14,409067,531787
fra,2017,Strasbourg,STR,15,378393,491911
fra,2017,Metz,METZ,16,366889,476956
fra,2017,Dijon,DIJO,17,365100,474630
fra,2017,Guingamp,EAG,18,355500,462150
fra,2017,Angers,ANG,19,346900,450970
fra,2017,Troyes,TRY,20,300541,390703
mls,2017,Toronto FC,TOR,1,638171,829623
mls,2017,New York City FC,NYC,2,492592,640370
mls,2017,Chicago Fire,CHI,3,369011,479714
mls,2017,LA Galaxy,LA,4,347091,451218
mls,2017,Orlando City,ORL,5,338954,440640
mls,2017,Seattle Sounders,SEA,6,317112,412246
mls,2017,Portland Timbers,POR,7,308380,400894
mls,2017,Colorado Rapids,COL,8,237888,309255
mls,2017,Atlanta United,ATL,9,223518,290573
mls,2017,Real Salt Lake,RSL,10,211378,274791
mls,2017,Sporting Kansas City,SKC,11,194922,253398
mls,2017,Vancouver Whitecaps,VAN,12,194216,252480
mls,2017,New England Revolution,NE,13,193984,252179
mls,2017,New York Red Bulls,NY,14,189428,246257
mls,2017,San Jose Earthquakes,SJ,15,184596,239975
mls,2017,FC Dallas,DAL,16,181055,235371
mls,2017,Philadelphia Union,PHI,17,176601,229581
mls,2017,Columbus Crew,CLB,18,173014,224918
mls,2017,Minnesota United,MIN,19,151649,197143
mls,2017,Montreal Impact,MTL,20,150843,196097
mls,2017,DC United,DC,21,150212,195276
mls,2017,Houston Dynamo,HOU,22,139869,181829
nba,2016,Cleveland Cavaliers,CLE,1,6545934,8652920
nba,2016,LA Clippers,LAC,2,5789976,7653636
nba,2016,Portland Trail Blazers,POR,3,5590003,7389296
nba,2016,Memphis Grizzlies,MEM,4,5513376,7288005
nba,2016,Dallas Mavericks,DAL,5,5500474,7270951
nba,2016,Orlando Magic,ORL,6,5385535,7119015
nba,2016,Toronto Raptors,TOR,7,5372233,7101431
nba,2016,San Antonio Spurs,SA,8,5298738,7004280
nba,2016,Chicago Bulls,CHI,9,5198221,6871409
nba,2016,Washington Wizards,WSH,10,5158154,6818445
nba,2016,New York Knicks,NY,11,5115284,6761776
nba,2016,Detroit Pistons,DET,12,5097100,6737739
nba,2016,Miami Heat,MIA,13,5082595,6718566
nba,2016,Golden State Warriors,GS,14,5036233,6657281
nba,2016,Charlotte Hornets,CHA,15,5024914,6642318
nba,2016,Atlanta Hawks,ATL,16,4954348,6549039
nba,2016,Milwaukee Bucks,MIL,17,4943505,6534705
nba,2016,New Orleans Pelicans,NO,18,4911201,6492004
nba,2016,Sacramento Kings,SAC,19,4765968,6300024
nba,2016,Houston Rockets,HOU,20,4699093,6211624
nba,2016,Los Angeles Lakers,LAL,21,4690283,6199978
nba,2016,Boston Celtics,BOS,22,4613890,6098995
nba,2016,Oklahoma City Thunder,OKC,23,4540518,6002007
nba,2016,Indiana Pacers,IND,24,4448154,5879913
nba,2016,Utah Jazz,UTAH,25,4045923,5348213
nba,2016,Phoenix Suns,PHX,26,3962678,5238173
nba,2016,Denver Nuggets,DEN,27,3731530,4932624
nba,2016,Minnesota Timberwolves,MIN,28,3644392,4817438
nba,2016,Brooklyn Nets,BKN,29,3480900,4601323
nba,2016,Philadelphia 76ers,PHI,30,2908957,3845284
mlb,2016,New York Yankees,NYY,1,5817167,7689579
mlb,2016,San Francisco Giants,SF,2,5212399,6890151
mlb,2016,Boston Red Sox,BOS,3,4918444,6501578
mlb,2016,LA Dodgers,LAD,4,4782990,6322525
mlb,2016,Detroit Tigers,DET,5,4755615,6286338
mlb,2016,Texas Rangers,TEX,6,4691276,6201291
mlb,2016,Washington Nationals,WAS,7,4121547,5448179
mlb,2016,LA Angels,LAA,8,3993486,5278897
mlb,2016,Baltimore Orioles,BAL,9,3932011,5197635
mlb,2016,Chicago Cubs,CHC,10,3897870,5152506
mlb,2016,New York Mets,NYM,11,3751375,4958857
mlb,2016,Seattle Mariners,SEA,12,3695981,4885632
mlb,2016,Toronto Blue Jays,TOR,13,3618201,4782817
mlb,2016,St Louis Cardinals,STL,14,3490967,4614629
mlb,2016,Kansas City Royals,KC,15,3430000,4534039
mlb,2016,Chicago White Sox,CHW,16,3419340,4519947
mlb,2016,Minnesota Twins,MIN,17,3187383,4213328
mlb,2016,San Diego Padres,SD,18,2841773,3756475
mlb,2016,Pittsburgh Pirates,PIT,19,2803882,3706387
mlb,2016,Colorado Rockies,COL,20,2582303,3413487
mlb,2016,Houston Astros,HOU,21,2563824,3389061
mlb,2016,Arizona Diamondbacks,ARI,22,2501047,3306076
mlb,2016,Cincinnati Reds,CIN,23,2195194,2901776
mlb,2016,Oakland Athletics,OAK,24,2188964,2893541
mlb,2016,Philadelphia Phillies,PHI,25,2117696,2799333
mlb,2016,Miami Marlins,MIA,26,2088864,2761222
mlb,2016,Cleveland Indians,CLE,27,2082109,2752293
mlb,2016,Atlanta Braves,ATL,28,1740096,2300193
mlb,2016,Milwaukee Brewers,MIL,29,1690722,2234927
mlb,2016,Tampa Bay Rays,TB,30,1542647,2039190
epl,2016,Man Utd,MAN,1,5770000,7616400
epl,2016,Man City,MNC,2,5423077,7158462
epl,2016,Chelsea,CHE,3,4513600,5957952
epl,2016,Arsenal,ARS,4,3707407,4893778
epl,2016,Liverpool,LIV,5,3012414,3976386
epl,2016,Tottenham,TOT,6,2679500,3536940
epl,2016,West Ham,WHU,7,2263704,2988089
epl,2016,Everton,EVE,8,2145000,2831400
epl,2016,Leicester,LEI,9,2100800,2773056
epl,2016,Southampton,SOU,10,2072571,2735794
epl,2016,Crystal Palace,CRY,11,1968571,2598514
epl,2016,Stoke,STK,12,1899857,2507811
epl,2016,Sunderland,SUN,13,1872000,2471040
epl,2016,West Brom,WBA,14,1841583,2430890
epl,2016,Watford,WAT,15,1553552,2050689
epl,2016,Swansea,SWA,16,1412320,1864262
epl,2016,Middlesbrough,MID,17,1229704,1623209
epl,2016,Hull,HUL,18,1228000,1620960
epl,2016,Bournemouth,BOU,19,1109333,1464320
epl,2016,Burnley,BUR,20,954417,1259830
nhl,2016,Los Angeles Kings,LA,1,2588710,3421957
nhl,2016,Washington Capitals,WSH,2,2566168,3392159
nhl,2016,Pittsburgh Penguins,PIT,3,2551224,3372404
nhl,2016,Montreal Canadiens,MTL,4,2504882,3311146
nhl,2016,San Jose Sharks,SJ,5,2490866,3292619
nhl,2016,Chicago Blackhawks,CHI,6,2462329,3254896
nhl,2016,New York Rangers,NYR,7,2451224,3240217
nhl,2016,Minnesota Wild,MIN,8,2371052,3134239
nhl,2016,St Louis Blues,STL,9,2355394,3113542
nhl,2016,Calgary Flames,CGY,10,2331371,3081786
nhl,2016,Detroit Red Wings,DET,11,2328129,3077500
nhl,2016,Nashville Predators,NSH,12,2326753,3075682
nhl,2016,Boston Bruins,BOS,13,2313163,3057717
nhl,2016,Tampa Bay Lightning,TB,14,2287751,3024125
nhl,2016,Philadelphia Flyers,PHI,15,2283041,3017900
nhl,2016,Buffalo Sabres,BUF,16,2262922,2991304
nhl,2016,New York Islanders,NYI,17,2260044,2987500
nhl,2016,Anaheim Ducks,ANA,18,2259616,2986935
nhl,2016,Vancouver Canucks,VAN,19,2251081,2975652
nhl,2016,Ottawa Senators,OTT,20,2224274,2940217
nhl,2016,Colorado Avalanche,COL,21,2173211,2872717
nhl,2016,Columbus Blue Jackets,CBJ,22,2136290,2823913
nhl,2016,Dallas Stars,DAL,23,2002943,2647644
nhl,2016,Florida Panthers,FLA,24,1978058,2614750
nhl,2016,Edmonton Oilers,EDM,25,1970028,2604135
nhl,2016,Winnipeg Jets,WPG,26,1920001,2538005
nhl,2016,Toronto Maple Leafs,TOR,27,1817870,2403000
nhl,2016,Arizona Coyotes,ARI,28,1718709,2271922
nhl,2016,New Jersey Devils,NJ,29,1653866,2186207
nhl,2016,Carolina Hurricanes,CAR,30,1647042,2177188
nfl,2016,Green Bay Packers,GB,1,2164013,2860559
nfl,2016,Oakland Raiders,OAK,2,2156596,2850755
nfl,2016,Arizona Cardinals,ARI,3,2135685,2823112
nfl,2016,Cincinnati Bengals,CIN,4,2094349,2768472
nfl,2016,Jacksonville Jaguars,JAX,5,2059118,2721901
nfl,2016,Dallas Cowboys,DAL,6,2000160,2643965
nfl,2016,Tampa Bay Bucs,TB,7,1995541,2637860
nfl,2016,Houston Texans,HOU,8,1973197,2608324
nfl,2016,Seattle Seahawks,SEA,9,1948097,2575145
nfl,2016,New York Giants,NYG,10,1923730,2542935
nfl,2016,Minnesota Vikings,MIN,11,1923447,2542560
nfl,2016,Indianapolis Colts,IND,12,1921367,2539811
nfl,2016,New York Jets,NYJ,13,1911096,2526234
nfl,2016,Miami Dolphins,MIA,14,1901163,2513104
nfl,2016,Pittsburgh Steelers,PIT,15,1884677,2491312
nfl,2016,Tennessee Titans,TEN,16,1879894,2484989
nfl,2016,Washington Redskins,WSH,17,1873331,2476313
nfl,2016,Los Angeles Rams,LAR,18,1862675,2462227
nfl,2016,Denver Broncos,DEN,19,1847123,2441670
nfl,2016,Baltimore Ravens,BAL,20,1825924,2413648
nfl,2016,Atlanta Falcons,ATL,21,1810649,2393455
nfl,2016,Philadelphia Eagles,PHI,22,1807190,2388883
nfl,2016,Detroit Lions,DET,23,1772519,2343053
nfl,2016,Carolina Panthers,CAR,24,1772386,2342877
nfl,2016,San Diego Chargers,SD,25,1766279,2334804
nfl,2016,Kansas City Chiefs,KC,26,1734860,2293271
nfl,2016,Chicago Bears,CHI,27,1710233,2260718
nfl,2016,San Francisco 49ers,SF,28,1655807,2188774
nfl,2016,Buffalo Bills,BUF,29,1614862,2134649
nfl,2016,New England Patriots,NE,30,1567500,2072042
nfl,2016,New Orleans Saints,NO,31,1395460,1844627
nfl,2016,Cleveland Browns,CLE,32,1193317,1577418
spn,2016,Barcelona,BAR,1,5649091,7456800
spn,2016,Real Madrid,RMA,2,5051875,6668475
spn,2016,Atletico Madrid,ATM,3,2583391,3410077
spn,2016,Valencia,VAL,4,1757167,2319460
spn,2016,Sevilla,SEV,5,1615250,2132130
spn,2016,Villarreal,VIL,6,1360840,1796309
spn,2016,Athletic Bilbao,ATH,7,1285336,1696644
spn,2016,Real Sociedad,RSO,8,1015362,1340278
spn,2016,Espanyol,ESP,9,761327,1004952
spn,2016,Deportivo La Coruna,DEP,10,646609,853523
spn,2016,Celta Vigo,CEL,11,578448,763551
spn,2016,Malaga,MCF,12,516048,681183
spn,2016,Granada,GRA,13,499200,658944
spn,2016,Real Betis,BET,14,420130,554572
spn,2016,Eibar,EIB,15,389322,513905
spn,2016,Osasuna,OSA,16,383460,506167
spn,2016,Sporting Gijon,RSG,17,352192,464893
spn,2016,Deportivo Alaves,ALA,18,298963,394631
spn,2016,Las Palmas,LPA,19,273481,360996
spn,2016,Leganes,LEG,20,272350,359502
itl,2016,Juventus,JUV,1,3977569,5250392
itl,2016,Roma,ROMA,2,2956159,3902130
itl,2016,Internazionale,INT,3,2474609,3266484
itl,2016,Napoli,NAP,4,1938642,2559007
itl,2016,Milan,MIL,5,1867452,2465037
itl,2016,Lazio,LAZ,6,1214056,1602553
itl,2016,Fiorentina,FIO,7,1140347,1505258
itl,2016,Genoa,GEN,8,777292,1026025
itl,2016,Torino,TOR,9,753691,994873
itl,2016,Bologna,BOL,10,723391,954876
itl,2016,Sampdoria,SAM,11,700676,924892
itl,2016,Sassuolo,SAS,12,678272,895319
itl,2016,Cagliari,CAG,13,575139,759183
itl,2016,Atalanta,ATA,14,544310,718490
itl,2016,Udinese,UDI,15,529356,698749
itl,2016,Chievo,CVO,16,413154,545363
itl,2016,Empoli,EMP,17,393180,518997
itl,2016,Palermo,PAL,18,371278,490087
itl,2016,Pescara,PES,19,357436,471815
itl,2016,Crotone,CRO,20,310092,409321
ger,2016,Bayern Munich,MUN,1,4165600,5498592
ger,2016,Borussia Dortmund,DOR,2,2008603,2651357
ger,2016,Schalke,S04,3,1768125,2333925
ger,2016,Wolfsburg,WOB,4,1707584,2254011
ger,2016,Bayer Leverkusen,B04,5,1410513,1861877
ger,2016,Borussia Monchengladbach,BMG,6,975093,1287123
ger,2016,Hamburg,HSV,7,889700,1174404
ger,2016,Hoffenheim,TSG,8,813411,1073702
ger,2016,Hertha Berlin,BSC,9,787341,1039290
ger,2016,RB Leipzig,RBL,10,758542,1001275
ger,2016,Werder Bremen,SVW,11,617894,815620
ger,2016,FC Koln,KOE,12,616625,813945
ger,2016,Eintracht Frankfurt,SGE,13,601607,794121
ger,2016,Mainz,M05,14,504573,666037
ger,2016,Augsburg,FCA,15,453050,598026
ger,2016,Freiburg,SCF,16,332113,438390
ger,2016,FC Ingolstadt 04,ING,17,330208,435874
ger,2016,SV Darmstadt 98,SVD,18,299300,395076
fra,2016,PSG,PSG,1,4476835,5909422
fra,2016,Monaco,MON,2,1510215,1993484
fra,2016,Lyon,LYON,3,1353793,1787007
fra,2016,Marseille,OLM,4,1185427,1564763
fra,2016,Bordeaux,BOR,5,738029,974198
fra,2016,Saint-Etienne,ASSE,6,611416,807069
fra,2016,Lille,LILL,7,592531,782141
fra,2016,Nice,NICE,8,533073,703656
fra,2016,Toulouse,TOU,9,414648,547335
fra,2016,Montpellier,MONT,10,409283,540254
fra,2016,Rennes,REN,11,384129,507050
fra,2016,Bastia,BAS,12,369100,487212
fra,2016,Caen,CAN,13,362236,478151
fra,2016,Lorient,LOR,14,362207,478113
fra,2016,Dijon,DIJO,15,335593,442982
fra,2016,Metz,METZ,16,328343,433413
fra,2016,Angers,ANG,17,327600,432432
fra,2016,Guingamp,EAG,18,293650,387618
fra,2016,Nantes,NAN,19,291460,384727
fra,2016,Nancy,ASNL,20,208385,275068
mls,2016,New York City FC,NYC,1,620150,819762
mls,2016,Toronto FC,TOR,2,603233,797400
mls,2016,LA Galaxy,LA,3,489678,647294
mls,2016,Seattle Sounders,SEA,4,313829,414844
mls,2016,Orlando City,ORL,5,296378,391776
mls,2016,Colorado Rapids,COL,6,242718,320844
mls,2016,Portland Timbers,POR,7,186004,245874
mls,2016,Montreal Impact,MTL,8,181625,240087
mls,2016,San Jose Earthquakes,SJ,9,180597,238728
mls,2016,New England Revolution,NE,10,171038,226091
mls,2016,Sporting Kansas City,SKC,11,169979,224691
mls,2016,Vancouver Whitecaps,VAN,12,168671,222962
mls,2016,Philadelphia Union,PHI,13,167022,220783
mls,2016,New York Red Bulls,NY,14,164792,217835
mls,2016,Real Salt Lake,RSL,15,162947,215396
mls,2016,Columbus Crew,CLB,16,158705,209788
mls,2016,DC United,DC,17,147912,195521
mls,2016,Houston Dynamo,HOU,18,137904,182292
mls,2016,Chicago Fire,CHI,19,125227,165535
mls,2016,FC Dallas,DAL,20,119601,158098
nba,2013,Brooklyn Nets,BKN,1,3645285,6249418
nba,2013,NY Knicks,NY,2,3431128,5882270
nba,2013,LA Clippers,LAC,3,3111928,5335038
nba,2013,Sacramento Kings,SAC,4,2960046,5074654
nba,2013,Denver Nuggets,DEN,5,2939555,5039525
nba,2013,Toronto Raptors,TOR,6,2935584,5032717
nba,2013,Memphis Grizzlies,MEM,7,2919687,5005464
nba,2013,Cleveland Cavaliers,CLE,8,2885115,4946195
nba,2013,Golden State Warriors,GS,9,2852397,4890102
nba,2013,Washington Wizards,WSH,10,2839564,4868102
nba,2013,Miami Heat,MIA,11,2819067,4832962
nba,2013,Chicago Bulls,CHI,12,2817858,4830889
nba,2013,LA Lakers,LAL,13,2800747,4801555
nba,2013,Boston Celtics,BOS,14,2789520,4782308
nba,2013,Indiana Pacers,IND,15,2776628,4760206
nba,2013,Oklahoma City Thunder,OKC,16,2772343,4752859
nba,2013,New Orleans Pelicans,NO,17,2708034,4642609
nba,2013,Portland Trail Blazers,POR,18,2686595,4605855
nba,2013,Dallas Mavericks,DAL,19,2681306,4596787
nba,2013,San Antonio Spurs,SA,20,2654819,4551379
nba,2013,Minnesota Timberwolves,MIN,21,2563391,4394635
nba,2013,Houston Rockets,HOU,22,2547551,4367479
nba,2013,Charlotte Hornets,CHA,23,2508043,4299748
nba,2013,Utah Jazz,UTAH,24,2398654,4112213
nba,2013,Detroit Pistons,DET,25,2318537,3974863
nba,2013,Atlanta Hawks,ATL,26,2295793,3935870
nba,2013,Phoenix Suns,PHX,27,2258342,3871665
nba,2013,Milwaukee Bucks,MIL,28,2168397,3717464
nba,2013,Orlando Magic,ORL,29,1606475,2754114
nba,2013,Philadelphia 76ers,PHI,30,1286661,2205831
mlb,2013,Los Angeles Dodgers,LAD,1,4679937,8023207
mlb,2013,New York Yankees,NYY,2,4263577,7309407
mlb,2013,Detroit Tigers,DET,3,3620913,6207634
mlb,2013,San Francisco Giants,SF,4,3597130,6166861
mlb,2013,Washington Nationals,WAS,5,3317177,5686914
mlb,2013,Boston Red Sox,BOS,6,3312564,5679006
mlb,2013,Philadelphia Phillies,PHI,7,2829578,4850982
mlb,2013,Toronto Blue Jays,TOR,8,2748388,4711792
mlb,2013,Cincinnati Reds,CIN,9,2734442,4687883
mlb,2013,LA Angels,LAA,10,2515408,4312374
mlb,2013,Texas Rangers,TEX,11,2512448,4307299
mlb,2013,Seattle Mariners,SEA,12,2495650,4278502
mlb,2013,Minnesota Twins,MIN,13,2444139,4190192
mlb,2013,St Louis Cardinals,STL,14,2431143,4167912
mlb,2013,Chicago White Sox,CHW,15,2400669,4115667
mlb,2013,Kansas City Royals,KC,16,2366920,4057809
mlb,2013,Chicago Cubs,CHC,17,2103537,3606269
mlb,2013,Baltimore Orioles,BAL,18,2072523,3553100
mlb,2013,Colorado Rockies,COL,19,2051730,3517453
mlb,2013,Milwaukee Brewers,MIL,20,2041599,3500085
mlb,2013,Atlanta Braves,ATL,21,2032771,3484949
mlb,2013,New York Mets,NYM,22,1908129,3271266
mlb,2013,Cleveland Indians,CLE,23,1793464,3074685
mlb,2013,San Diego Padres,SD,24,1779523,3050785
mlb,2013,Pittsburgh Pirates,PIT,25,1661060,2847694
mlb,2013,Arizona Diamondbacks,ARI,26,1617665,2773298
mlb,2013,Oakland Athletics,OAK,27,1521647,2608687
mlb,2013,Miami Marlins,MIA,28,1479400,2536259
mlb,2013,Houston Astros,HOU,29,1378729,2363670
mlb,2013,Tampa Bay Rays,TB,30,1344448,2304900
epl,2013,Man City,MNC,1,5015122,8597844
epl,2013,Man Utd,MAN,2,4679377,8022247
epl,2013,Chelsea,CHE,3,4353057,7462809
epl,2013,Arsenal,ARS,4,4054066,6950225
epl,2013,Liverpool,LIV,5,3509286,6016263
epl,2013,Tottenham,TOT,6,2811978,4820808
epl,2013,Aston Villa,AVL,7,1810386,3103695
epl,2013,Newcastle,NEW,8,1675607,2872633
epl,2013,Everton,EVE,9,1635264,2803469
epl,2013,Sunderland,SUN,10,1616063,2770552
epl,2013,Swansea,SWA,11,1612787,2764936
epl,2013,Fulham,FUL,12,1547588,2653159
epl,2013,West Brom,WBA,13,1526667,2617293
epl,2013,West Ham,WHU,14,1424498,2442135
epl,2013,Southampton,SOU,15,1408249,2414279
epl,2013,Cardiff,CAR,16,1349029,2312754
epl,2013,Stoke,STK,17,1348796,2312353
epl,2013,Norwich,NOR,18,1159844,1988418
epl,2013,Hull City,HUL,19,1051192,1802146
epl,2013,Crystal Palace,CRY,20,998632,1712038
nhl,2013,New York Rangers,NYR,1,1946903,3337739
nhl,2013,Pittsburgh Pengiuns,PIT,2,1944112,3332955
nhl,2013,Chicago Blackhawks,CHI,3,1917345,3287065
nhl,2013,LA Kings,LA,4,1807319,3098438
nhl,2013,Toronto Maple Leafs,TOR,5,1765345,3026479
nhl,2013,Philadelphia Flyers,PHI,6,1640099,2811759
nhl,2013,Tampa Bay Lightning,TB,7,1619052,2775677
nhl,2013,Detroit Red Wings,DET,8,1618489,2774712
nhl,2013,Edmonton Oilers,EDM,9,1596900,2737700
nhl,2013,St Louis Blues,STL,10,1574152,2698700
nhl,2013,Minnesota Wild,MIN,11,1573930,2698320
nhl,2013,Washington Capitals,WSH,12,1573398,2697407
nhl,2013,Winnipeg Jets,WPG,13,1549549,2656522
nhl,2013,Nashville Predators,NSH,14,1545806,2650104
nhl,2013,Vancouver Canucks,VAN,15,1538570,2637700
nhl,2013,Boston Bruins,BOS,16,1537500,2635865
nhl,2013,Buffalo Sabres,BUF,17,1509915,2588573
nhl,2013,San Jose Sharks,SJ,18,1503456,2577500
nhl,2013,Florida Panthers,FLA,19,1486974,2549244
nhl,2013,Carolina Hurricanes,CAR,20,1476099,2530600
nhl,2013,Colorado Avalanche,COL,21,1452417,2490000
nhl,2013,Montreal Canadiens,MTL,22,1439526,2467900
nhl,2013,Dallas Stars,DAL,23,1414446,2424904
nhl,2013,New Jersey Devils,NJ,24,1379187,2364457
nhl,2013,Ottawa Senators,OTT,25,1343291,2302917
nhl,2013,Arizona Coyotes,ARI,26,1339949,2297188
nhl,2013,New York Islanders,NYI,27,1301512,2231292
nhl,2013,Anaheim Ducks,ANA,28,1228877,2106767
nhl,2013,Columbus Blue Jackets,CBJ,29,1227595,2104569
nhl,2013,Calgary Flames,CGY,30,1187217,2035345
ger,2013,Bayern Munich,MUN,1,4468643,7660968
ger,2013,Schalke,S04,2,2489672,4268254
ger,2013,Borussia Dortmund,DOR,3,2344823,4019926
ger,2013,Wolfsburg,WOB,4,1595944,2736060
ger,2013,Bayer Leverkusen,B04,5,1532106,2626618
ger,2013,Hamburg,HSV,6,1308674,2243569
ger,2013,Stuttgart,VFB,7,1276755,2188848
ger,2013,Werder Bremen,SVW,8,1117161,1915242
ger,2013,Borussia Monchengladbach,BMG,9,1101201,1887881
ger,2013,Hannover 96,H96,10,1053323,1805800
ger,2013,Hoffenheim,TSG,11,989485,1696357
ger,2013,Eintracht Frankfurt,SGE,12,957566,1641636
ger,2013,Nuremberg,FCN,14,766053,1313309
ger,2013,Mainz,M05,13,766053,1313309
ger,2013,Hertha Berlin,BSC,15,734134,1258588
ger,2013,Augsburg,FCA,16,542621,930260
ger,2013,Freiburg,SCF,17,513894,881011
ger,2013,Eintracht Braunschweig,EBS,18,478783,820818
nfl,2013,Miami Dolphins,MIA,1,1368255,2345714
nfl,2013,Detroit Lions,DET,2,1358913,2329699
nfl,2013,Cincinnati Bengals,CIN,3,1356995,2326410
nfl,2013,Green Bay Packers,GB,4,1356249,2325131
nfl,2013,Denver Broncos,DEN,5,1345569,2306822
nfl,2013,Tampa Bay Bucs,TB,6,1345228,2306236
nfl,2013,Minnesota Vikings,MIN,7,1317905,2259394
nfl,2013,Buffalo Bills,BUF,8,1306183,2239299
nfl,2013,Pittsburgh Steelers,PIT,9,1302980,2233807
nfl,2013,Philadelphia Eagles,PHI,10,1284677,2202430
nfl,2013,Cleveland Browns,CLE,11,1280676,2195571
nfl,2013,Seattle Seahawks,SEA,12,1279878,2194201
nfl,2013,Chicago Bears,CHI,13,1276934,2189154
nfl,2013,New Orleans Saints,NO,14,1256952,2154897
nfl,2013,Tennessee Titans,TEN,15,1256182,2153578
nfl,2013,San Diego Chargers,SD,16,1246346,2136715
nfl,2013,Washington Redskins,WSH,17,1220919,2093124
nfl,2013,Carolina Panthers,CAR,18,1220193,2091879
nfl,2013,New England Patriots,NE,19,1212444,2078594
nfl,2013,New York Giants,NYG,20,1208472,2071784
nfl,2013,Baltimore Ravens,BAL,21,1194715,2048200
nfl,2013,Atlanta Falcons,ATL,22,1190767,2041431
nfl,2013,Houston Texans,HOU,23,1188760,2037991
nfl,2013,San Francisco 49ers,SF,24,1187977,2036648
nfl,2013,Oakland Raiders,OAK,25,1168070,2002521
nfl,2013,Jacksonville Jaguars,JAX,26,1147947,1968022
nfl,2013,Arizona Cardinals,ARI,27,1139909,1954241
nfl,2013,Indianapolis Colts,IND,28,1118499,1917536
nfl,2013,St Louis Rams,STL,29,1109206,1901604
nfl,2013,Kansas City Chiefs,KC,30,1097412,1881386
nfl,2013,Dallas Cowboys,DAL,31,1045441,1792288
nfl,2013,New York Jets,NYJ,32,1011208,1733599
spn,2013,Real Madrid,RMA,1,5040520,8641385
spn,2013,Barcelona,BAR,2,4715116,8083518
spn,2013,Atletico Madrid,ATM,3,1747511,2995904
spn,2013,Sevilla,SEV,4,1460777,2504332
spn,2013,Valencia,VAL,5,1264849,2168437
spn,2013,Athletic Bilbao,ATH,6,949877,1628454
spn,2013,Malaga,MCF,7,727750,1247643
spn,2013,Getafe,GET,8,682027,1169255
spn,2013,Villarreal,VIL,9,644825,1105478
spn,2013,Real Sociedad,RSO,10,618262,1059938
spn,2013,Espanyol,ESP,11,569064,975593
spn,2013,Real Betis,BET,12,555752,952772
spn,2013,Osasuna,OSA,13,430892,738714
spn,2013,Granada,GRA,14,424521,727792
spn,2013,Levante,LEV,15,355228,608998
spn,2013,Celta Vigo,CEL,16,322413,552739
spn,2013,Elche,ELC,17,308028,528078
spn,2013,Almeria,ALM,18,297612,510220
spn,2013,Valladolid,VLL,19,288068,493859
spn,2013,Rayo Vallecano,RAY,20,264971,454263
itl,2013,Juventus,JUV,1,2859195,4901757
itl,2013,Milan,MIL,2,2382854,4085126
itl,2013,Roma,ROMA,3,2240920,3841797
itl,2013,Internazionale,INT,4,2078432,3563230
itl,2013,Napoli,NAP,5,1836998,3149319
itl,2013,Lazio,LAZ,6,1248964,2141203
itl,2013,Fiorentina,FIO,7,1216219,2085066
itl,2013,Genoa,GEN,8,758664,1300642
itl,2013,Torino,TOR,9,666972,1143445
itl,2013,Parma,PAR,10,599790,1028270
itl,2013,Bologna,BOL,11,573026,982387
itl,2013,Sampdoria,SAM,12,570687,978377
itl,2013,Atalanta,ATA,13,521017,893222
itl,2013,Verona,VER,14,482061,826437
itl,2013,Catania,CAT,15,474793,813978
itl,2013,Udinese,UDI,16,457208,783831
itl,2013,Sassuolo,SAS,17,438457,751684
itl,2013,Cagliari,CAG,18,363362,622942
itl,2013,Chievo,CVO,19,356446,611085
itl,2013,Livorno,LVO,20,303968,521118
fra,2013,Paris Saint-Germain,PSG,1,5298693,9083993
fra,2013,Monaco,MON,2,1894316,3247584
fra,2013,Lyon,LYON,3,1675741,2872863
fra,2013,Marseille,OLM,4,1556045,2667659
fra,2013,Lille,LILL,5,1149080,1969963
fra,2013,Bordeaux,BOR,6,718175,1231227
fra,2013,Saint-Etienne,ASSE,7,646357,1108104
fra,2013,Nice,NICE,8,478783,820818
fra,2013,Rennes,REN,9,454844,779777
fra,2013,Montpellier,MONT,10,406966,697695
fra,2013,Toulouse,TOU,11,359087,615614
fra,2013,Nantes,NAN,12,353103,605353
fra,2013,Sochaux,SOC,13,341133,584833
fra,2013,Valenciennes,VAFC,14,337542,578677
fra,2013,Reims,REIM,15,335148,574573
fra,2013,Bastia,BAS,16,311209,533532
fra,2013,Ajaccio,ACA,17,291340,499468
fra,2013,Lorient,LOR,18,275300,471970
fra,2013,Evian,EVN,19,268119,459658
fra,2013,Guingamp,EAG,20,263331,451450
mls,2013,LA Galaxy,LA,2,332000,569176
mls,2013,New York City,NYC,3,312482,535714
mls,2013,Orlando City,ORL,4,291650,500000
mls,2013,New York Red Bulls,NY,5,280704,481234
mls,2013,Seattle Sounders,SEA,6,280528,480932
mls,2013,New England Revolution,NE,7,184067,315562
mls,2013,Portland Timbers,POR,8,133029,228063
mls,2013,Chicago Fire,CHI,9,123012,210890
mls,2013,Houston Dynamo,HOU,10,113664,194864
mls,2013,FC Dallas,DAL,11,112952,193643
mls,2013,Vancouver Whitecaps,VAN,12,111843,191741
mls,2013,Sporting Kansas City,SKC,13,106892,183254
mls,2013,San Jose Earthquakes,SJ,14,104310,178827
mls,2013,Columbus Crew,CLB,15,99053,169816
mls,2013,Philadelphia Union,PHI,16,98056,168105
mls,2013,DC United,DC,17,96990,166278
mls,2013,Montreal Impact,MTL,18,95391,163536
mls,2013,Real Salt Lake,RSL,19,95056,162963
mls,2013,Colorado Rapids,COL,20,81602,139897
